{
  "nodes": 481,
  "edges": 2001,
  "density": 0.008666839916839917,
  "avg_degree": 8.32016632016632,
  "connected_components": 17,
  "entity_types": {
    "ORG": 149,
    "ORDINAL": 5,
    "CARDINAL": 49,
    "DATE": 87,
    "PERSON": 114,
    "PRODUCT": 17,
    "NORP": 14,
    "GPE": 27,
    "WORK_OF_ART": 7,
    "FAC": 3,
    "LOC": 2,
    "PERCENT": 2,
    "EVENT": 1,
    "LAW": 2,
    "TIME": 1,
    "MONEY": 1
  },
  "top_entities": [
    [
      "two",
      0.05
    ],
    [
      "2022",
      0.05
    ],
    [
      "GPT-2",
      0.05
    ],
    [
      "three",
      0.041666666666666664
    ],
    [
      "first",
      0.03958333333333333
    ],
    [
      "fed",
      0.03333333333333333
    ],
    [
      "One",
      0.03333333333333333
    ],
    [
      "Rosenblatt",
      0.03333333333333333
    ],
    [
      "AI",
      0.03333333333333333
    ],
    [
      "Amari",
      0.03333333333333333
    ]
  ]
}